Huawei,Xiaomi,Vivo,Apple,Samsung,Sony,UserAvg,UserAvg - MeanPhone
,5.0,,4.5,3.0,,4.166666666666667,0.37500000000000044
4.0,3.0,,4.0,4.0,,3.75,-0.04166666666666652
5.0,3.0,,4.0,,,4.0,0.20833333333333348
4.0,3.0,3.5,4.5,3.5,2.5,3.5,-0.2916666666666665
3.0,4.0,,3.0,3.0,,3.25,-0.5416666666666665
5.0,4.0,,4.5,4.0,,4.375,0.5833333333333335
4.2,3.6666666666666665,3.5,4.083333333333333,3.5,2.5,3.7916666666666665,
0.40833333333333366,-0.125,-0.2916666666666665,0.2916666666666665,-0.2916666666666665,-1.2916666666666665,,
